<?xml version="1.0" encoding="UTF-8"?>
<project-private xmlns="http://www.netbeans.org/ns/project-private/1">
    <editor-bookmarks xmlns="http://www.netbeans.org/ns/editor-bookmarks/2" lastBookmarkId="0"/>
    <open-files xmlns="http://www.netbeans.org/ns/projectui-open-files/2">
        <group>
            <file>file:/C:/Users/ESPE/Documents/NetBeansProjects/Laboratorio2_Grafos_U2/src/laboratorio2_grafos_u2/BusquedaEnProfundidad.java</file>
            <file>file:/C:/Users/ESPE/Documents/NetBeansProjects/Laboratorio2_Grafos_U2/src/laboratorio2_grafos_u2/Grafo.java</file>
            <file>file:/C:/Users/ESPE/Documents/NetBeansProjects/Laboratorio2_Grafos_U2/src/laboratorio2_grafos_u2/Laboratorio2_Grafos_U2.java</file>
            <file>file:/C:/Users/ESPE/Documents/NetBeansProjects/Laboratorio2_Grafos_U2/src/laboratorio2_grafos_u2/EstadoNodoGrafo.java</file>
            <file>file:/C:/Users/ESPE/Documents/NetBeansProjects/Laboratorio2_Grafos_U2/src/laboratorio2_grafos_u2/NodoGrafo.java</file>
            <file>file:/C:/Users/ESPE/Documents/NetBeansProjects/Laboratorio2_Grafos_U2/src/laboratorio2_grafos_u2/BusquedaEnAmplitud.java</file>
        </group>
    </open-files>
</project-private>
