<?xml version="1.0" encoding="UTF-8"?>
<project-private xmlns="http://www.netbeans.org/ns/project-private/1">
    <editor-bookmarks xmlns="http://www.netbeans.org/ns/editor-bookmarks/2" lastBookmarkId="0"/>
    <open-files xmlns="http://www.netbeans.org/ns/projectui-open-files/2">
        <group>
            <file>file:/C:/Users/ESPE/Documents/NetBeansProjects/arbolBinarioPrueba_JuanJ/src/arbolbinarioprueba_juanj/Node.java</file>
            <file>file:/C:/Users/ESPE/Documents/NetBeansProjects/arbolBinarioPrueba_JuanJ/src/arbolbinarioprueba_juanj/FirstCommonAncestor.java</file>
            <file>file:/C:/Users/ESPE/Documents/NetBeansProjects/arbolBinarioPrueba_JuanJ/src/arbolbinarioprueba_juanj/InvertirArbolBinario.java</file>
            <file>file:/C:/Users/ESPE/Documents/NetBeansProjects/arbolBinarioPrueba_JuanJ/src/arbolbinarioprueba_juanj/ArbolBinarioPrueba_JuanJ.java</file>
            <file>file:/C:/Users/ESPE/Documents/NetBeansProjects/arbolBinarioPrueba_JuanJ/src/arbolbinarioprueba_juanj/MaximumDepth.java</file>
            <file>file:/C:/Users/ESPE/Documents/NetBeansProjects/arbolBinarioPrueba_JuanJ/src/arbolbinarioprueba_juanj/ValidateBST.java</file>
            <file>file:/C:/Users/ESPE/Documents/NetBeansProjects/arbolBinarioPrueba_JuanJ/src/arbolbinarioprueba_juanj/BinaryTreeTraversals.java</file>
            <file>file:/C:/Users/ESPE/Documents/NetBeansProjects/arbolBinarioPrueba_JuanJ/src/arbolbinarioprueba_juanj/ListOfDepths.java</file>
            <file>file:/C:/Users/ESPE/Documents/NetBeansProjects/arbolBinarioPrueba_JuanJ/src/arbolbinarioprueba_juanj/IsSubTree.java</file>
        </group>
    </open-files>
</project-private>
