<?xml version="1.0" encoding="UTF-8"?>
<project-private xmlns="http://www.netbeans.org/ns/project-private/1">
    <editor-bookmarks xmlns="http://www.netbeans.org/ns/editor-bookmarks/2" lastBookmarkId="0"/>
    <open-files xmlns="http://www.netbeans.org/ns/projectui-open-files/2">
        <group>
            <file>file:/C:/Users/ESPE/Documents/NetBeansProjects/Practica3_JuanJ_2daUnidad/src/practica3_juanj_2daunidad/ArregloSeleccion.java</file>
            <file>file:/C:/Users/ESPE/Documents/NetBeansProjects/Practica3_JuanJ_2daUnidad/src/practica3_juanj_2daunidad/ArregloShell.java</file>
            <file>file:/C:/Users/ESPE/Documents/NetBeansProjects/Practica3_JuanJ_2daUnidad/src/practica3_juanj_2daunidad/Main.java</file>
            <file>file:/C:/Users/ESPE/Documents/NetBeansProjects/Practica3_JuanJ_2daUnidad/src/practica3_juanj_2daunidad/ArregloBurbuja.java</file>
        </group>
    </open-files>
</project-private>
