<?xml version="1.0" encoding="UTF-8"?>
<project-private xmlns="http://www.netbeans.org/ns/project-private/1">
    <editor-bookmarks xmlns="http://www.netbeans.org/ns/editor-bookmarks/2" lastBookmarkId="0"/>
    <open-files xmlns="http://www.netbeans.org/ns/projectui-open-files/2">
        <group>
            <file>file:/C:/Users/ESPE/Documents/NetBeansProjects/ArbolGenealogico_Lab1_U2_JuanJ/src/arbolgenealogico_lab1_u2_juanj/Persona.java</file>
            <file>file:/C:/Users/ESPE/Documents/NetBeansProjects/ArbolGenealogico_Lab1_U2_JuanJ/src/arbolgenealogico_lab1_u2_juanj/CrearArbolGenealogico.java</file>
            <file>file:/C:/Users/ESPE/Documents/NetBeansProjects/ArbolGenealogico_Lab1_U2_JuanJ/src/arbolgenealogico_lab1_u2_juanj/ArbolGenealogico_Lab1_U2_JuanJ.java</file>
            <file>file:/C:/Users/ESPE/Documents/NetBeansProjects/ArbolGenealogico_Lab1_U2_JuanJ/src/arbolgenealogico_lab1_u2_juanj/NodoArbol.java</file>
        </group>
    </open-files>
</project-private>
