<?xml version="1.0" encoding="UTF-8"?>
<project-private xmlns="http://www.netbeans.org/ns/project-private/1">
    <editor-bookmarks xmlns="http://www.netbeans.org/ns/editor-bookmarks/2" lastBookmarkId="0"/>
    <open-files xmlns="http://www.netbeans.org/ns/projectui-open-files/2">
        <group>
            <file>file:/C:/Users/ESPE/Documents/NetBeansProjects/Examen_U2_JuanJ/src/examen_u2_juanj/Archivos.java</file>
            <file>file:/C:/Users/ESPE/Documents/NetBeansProjects/Examen_U2_JuanJ/src/examen_u2_juanj/Nodo.java</file>
            <file>file:/C:/Users/ESPE/Documents/NetBeansProjects/Examen_U2_JuanJ/src/examen_u2_juanj/Examen_U2_JuanJ.java</file>
            <file>file:/C:/Users/ESPE/Documents/NetBeansProjects/Examen_U2_JuanJ/src/examen_u2_juanj/Directorio.java</file>
        </group>
    </open-files>
</project-private>
