<?xml version="1.0" encoding="UTF-8"?>
<project-private xmlns="http://www.netbeans.org/ns/project-private/1">
    <editor-bookmarks xmlns="http://www.netbeans.org/ns/editor-bookmarks/2" lastBookmarkId="0"/>
    <open-files xmlns="http://www.netbeans.org/ns/projectui-open-files/2">
        <group>
            <file>file:/C:/Users/jrome/Documents/NetBeansProjects/Trabajo_restaurante_JFrame/src/Restaurante/Restaurante.java</file>
            <file>file:/C:/Users/jrome/Documents/NetBeansProjects/Trabajo_restaurante_JFrame/src/Restaurante/Boton4.java</file>
            <file>file:/C:/Users/jrome/Documents/NetBeansProjects/Trabajo_restaurante_JFrame/src/Restaurante/Boton6.java</file>
            <file>file:/C:/Users/jrome/Documents/NetBeansProjects/Trabajo_restaurante_JFrame/src/Restaurante/MainFrame.java</file>
            <file>file:/C:/Users/jrome/Documents/NetBeansProjects/Trabajo_restaurante_JFrame/src/Restaurante/Boton3.java</file>
            <file>file:/C:/Users/jrome/Documents/NetBeansProjects/Trabajo_restaurante_JFrame/src/Restaurante/Boton5.java</file>
            <file>file:/C:/Users/jrome/Documents/NetBeansProjects/Trabajo_restaurante_JFrame/src/Restaurante/AddProductFrame.java</file>
        </group>
    </open-files>
</project-private>
